col_name,norm_feat_imp
s_plan_duration,0.9999999999999999
i_type_New Feature,0.4832337301686473
i_priority_Major,0.2882772382569443
i_fog_index,0.16151009735254457
i_type_Improvement,0.10123643145135751
