col_name,norm_feat_imp
s_no_issue,0.5306118660318999
i_priority_Minor,0.46557307671582376
i_fog_index,0.40747949038127596
i_no_change_description,0.07912443832460421
d_no_distinct_action,0.07445511084436403
