col_name,norm_feat_imp
i_type_Improvement,1.0
i_priority_Minor,0.4127704811605881
i_priority_Major,0.2299543724724892
s_plan_duration,0.22001179371126714
i_fog_index,0.03259428237999456
