col_name,norm_feat_imp
s_no_teammember,0.4203434285236321
i_priority_Medium,0.10414101411284175
i_type_Bug,0.08535850853636773
s_plan_duration,0.02031906680130334
