col_name,norm_feat_imp
i_priority_High,0.9999999999999999
i_no_change_priority,0.42894411777730596
d_no_comment,0.3786783803000737
i_priority_Medium,0.35443747370196993
i_no_change_description,0.32557499797968575
