col_name,norm_feat_imp
i_type_Story,0.06366662018412625
i_priority_Minor,0.053884715633231176
d_no_distinct_action,0.04875884250024036
i_no_comments,0.02127881490854505
