col_name,norm_feat_imp
s_plan_duration,1.0
s_no_teammember,0.28202710262453906
d_no_comment,0.1613071746722166
i_fog_index,0.13116973996769474
s_no_issue,0.09557000682872485
