Repository,Productivity_MAE,Quality_MAE,Paper_Productivity_MAE,Paper_Quality_MAE,Productivity_Diff,Quality_Diff
apache,0.234,0.189,0.215,0.167,0.019000000000000017,0.021999999999999992
jenkins,0.198,0.167,0.187,0.154,0.01100000000000001,0.013000000000000012
jira,0.245,0.201,0.223,0.189,0.021999999999999992,0.01200000000000001
spring,0.187,0.156,0.198,0.162,-0.01100000000000001,-0.006000000000000005
talendforge,0.223,0.178,0.209,0.175,0.014000000000000012,0.0030000000000000027
